{
  "matrix_shape": [
    4197,
    40687
  ],
  "n_documents": 4197,
  "n_features": 40687,
  "sparsity": 0.987897583801638,
  "nnz": 2066649,
  "vectorizer_params": {
    "lowercase": true,
    "min_df": 10,
    "max_df": 0.5,
    "ngram_range": [
      1,
      2
    ],
    "token_pattern": "(?u)\\b[^\\W\\d_]{2,}\\b"
  },
  "top_20_terms_by_avg_tfidf": [
    [
      "euro",
      0.02018388270730841
    ],
    [
      "meine",
      0.015788404343563146
    ],
    [
      "herren",
      0.014669266228812277
    ],
    [
      "damen",
      0.014642537578787636
    ],
    [
      "damen und",
      0.014475077029742257
    ],
    [
      "und herren",
      0.014466150317691053
    ],
    [
      "milliarden",
      0.013699744397445139
    ],
    [
      "dass wir",
      0.013284798516560265
    ],
    [
      "herr",
      0.013225565979589064
    ],
    [
      "meine damen",
      0.012998486951126643
    ],
    [
      "geht",
      0.012849129276240755
    ],
    [
      "milliarden euro",
      0.012250950972969184
    ],
    [
      "er",
      0.012129238792261382
    ],
    [
      "kollegen",
      0.01203065422612692
    ],
    [
      "doch",
      0.01198906166863433
    ],
    [
      "ganz",
      0.011978714563175502
    ],
    [
      "durch",
      0.011813856909582457
    ],
    [
      "liebe",
      0.011577876846212684
    ],
    [
      "weil",
      0.011572972739612193
    ],
    [
      "brauchen",
      0.011353601517863911
    ]
  ],
  "top_30_highest_idf": [
    [
      "f체r integration",
      6.944468227582208
    ],
    [
      "sahen",
      6.944468227582208
    ],
    [
      "die wirtschaftsweisen",
      6.944468227582208
    ],
    [
      "wir finanzieren",
      6.944468227582208
    ],
    [
      "gebraucht um",
      6.944468227582208
    ],
    [
      "gebrauchen",
      6.944468227582208
    ],
    [
      "wir europ채er",
      6.944468227582208
    ],
    [
      "sanktionspolitik",
      6.944468227582208
    ],
    [
      "die woche",
      6.944468227582208
    ],
    [
      "sascha m체ller",
      6.944468227582208
    ],
    [
      "geboten ist",
      6.944468227582208
    ],
    [
      "um respekt",
      6.944468227582208
    ],
    [
      "sauberen",
      6.944468227582208
    ],
    [
      "das pariser",
      6.944468227582208
    ],
    [
      "scale",
      6.944468227582208
    ],
    [
      "scale ups",
      6.944468227582208
    ],
    [
      "geben meine",
      6.944468227582208
    ],
    [
      "das papier",
      6.944468227582208
    ],
    [
      "schaffarzyk",
      6.944468227582208
    ],
    [
      "geben in",
      6.944468227582208
    ],
    [
      "die zahlreichen",
      6.944468227582208
    ],
    [
      "schaffen der",
      6.944468227582208
    ],
    [
      "geben deswegen",
      6.944468227582208
    ],
    [
      "schaffen einen",
      6.944468227582208
    ],
    [
      "gebe es",
      6.944468227582208
    ],
    [
      "schaffen m체ssen",
      6.944468227582208
    ],
    [
      "schaffen wenn",
      6.944468227582208
    ],
    [
      "um milliarde",
      6.944468227582208
    ],
    [
      "schafft das",
      6.944468227582208
    ],
    [
      "beitragszahlerinnen",
      6.944468227582208
    ]
  ],
  "source_file": "speeches_cleaned.csv",
  "text_column": "text_clean"
}